Scenario,LagMin,WindowMin,ModelType,InnerTrainN,InnerValidationN,RMSE_MO,RMSE_Rho,SelectionScore,Status
pre_repair_frozen,0,10,linear,75,37,0.0380255959315031,0.00930207469511194,2.19772733389463,ok
pre_repair_frozen,0,10,quadratic,75,37,0.0302690636825161,0.00879865630882424,1.88883442029963,ok
pre_repair_frozen,0,10,pchip_spline,75,37,0.0422348645526866,0.00946569285578247,2.35439810400113,ok
pre_repair_frozen,10,10,linear,75,37,0.0380611172806139,0.00915873643086459,2.18457755244026,ok
pre_repair_frozen,10,10,quadratic,75,37,0.0292704075263184,0.00879527161933424,1.8552074128107,ok
pre_repair_frozen,10,10,pchip_spline,75,37,0.0426487856675769,0.00925914687531668,2.3475408764509,ok
pre_repair_frozen,20,10,linear,74,37,0.0375247665963175,0.00921863873286924,2.17268942649751,ok
pre_repair_frozen,20,10,quadratic,74,37,0.0280443663948125,0.00875978976620281,1.8107911897807,ok
pre_repair_frozen,20,10,pchip_spline,74,37,0.0438979159758983,0.00958008287208535,2.42127215307181,ok
pre_repair_frozen,30,10,linear,73,36,0.04,0.00916039038904502,2.24937237223783,ok
pre_repair_frozen,30,10,quadratic,73,36,0.0317104959840674,0.00920623142616038,1.97763967541829,ok
pre_repair_frozen,30,10,pchip_spline,73,36,0.0469041575982342,0.00955932240444907,2.51940416038605,ok
pre_repair_frozen,40,10,linear,75,37,0.0400675105965595,0.00907623448513789,2.24320713506577,ok
pre_repair_frozen,40,10,quadratic,75,37,0.0322992762030861,0.00872610770379401,1.94925331048227,ok
pre_repair_frozen,40,10,pchip_spline,75,37,0.0442352433785184,0.0090825867682925,2.38276678944653,ok
pre_repair_frozen,50,10,linear,76,37,0.0432778577678352,0.00898060987831142,2.34065624675898,ok
pre_repair_frozen,50,10,quadratic,76,37,0.0379188322319904,0.00871309452062958,2.13527052646264,ok
pre_repair_frozen,50,10,pchip_spline,76,37,0.0488516784408323,0.00925864581794859,2.55425386315594,ok
pre_repair_frozen,60,10,linear,78,37,0.0396947814665313,0.00890505807620259,2.21366518983797,ok
pre_repair_frozen,60,10,quadratic,78,37,0.0323828449745949,0.00844127550360105,1.92355571617994,ok
pre_repair_frozen,60,10,pchip_spline,78,37,0.044811919263831,0.00904941115368582,2.39867175749628,ok
pre_repair_frozen,70,10,linear,78,36,0.0439696865275764,0.00917388327918351,2.38304454550423,ok
pre_repair_frozen,70,10,quadratic,78,36,0.0380423740350444,0.0087160797060713,2.13968710510861,ok
pre_repair_frozen,70,10,pchip_spline,78,36,0.0501940678212519,0.00967651418702649,2.64078701274438,ok
pre_repair_frozen,80,10,linear,78,35,0.0438503950136956,0.00883253158676103,2.34493299246596,ok
pre_repair_frozen,80,10,quadratic,78,35,0.0344756642948534,0.00836490926217737,1.98567973604618,ok
pre_repair_frozen,80,10,pchip_spline,78,35,0.0462292424461277,0.00891281362386712,2.43225611059097,ok
pre_repair_frozen,90,10,linear,78,36,0.0394053013917896,0.00877392484078094,2.19090253047108,ok
pre_repair_frozen,90,10,quadratic,78,36,0.0309569593683445,0.0083473028000186,1.86662892561334,ok
pre_repair_frozen,90,10,pchip_spline,78,36,0.04245913067619,0.00885876613530336,2.30118096940333,ok
pre_repair_frozen,100,10,linear,77,37,0.0377043979082232,0.00886326461787816,2.14313972539525,ok
pre_repair_frozen,100,10,quadratic,77,37,0.0307562342614623,0.00855069889653579,1.88027769836899,ok
pre_repair_frozen,100,10,pchip_spline,77,37,0.0416873822377687,0.00880124511666698,2.26970391959232,ok
pre_repair_frozen,110,10,linear,76,37,0.038167482976439,0.00919817271323659,2.19206670387162,ok
pre_repair_frozen,110,10,quadratic,76,37,0.0300899552243835,0.00882491419486699,1.88548992696615,ok
pre_repair_frozen,110,10,pchip_spline,76,37,0.0431840811511008,0.00951300167533747,2.39076953923711,ok
pre_repair_frozen,120,10,linear,73,37,0.0384496863235369,0.00918815376797799,2.20047158758236,ok
pre_repair_frozen,120,10,quadratic,73,37,0.0306682334108201,0.00884465134939146,1.90673958196648,ok
pre_repair_frozen,120,10,pchip_spline,73,37,0.0427753402058912,0.00931032299114108,2.35687697264381,ok
pre_repair_frozen,130,10,linear,74,37,0.040736463511938,0.00947056813683233,2.30493893074783,ok
pre_repair_frozen,130,10,quadratic,74,37,0.0317507182297993,0.00917095224474424,1.97545249880107,ok
pre_repair_frozen,130,10,pchip_spline,74,37,0.0435579762764214,0.00970083399899714,2.4220159424471,ok
pre_repair_frozen,140,10,linear,74,37,0.0384848162407082,0.00949478709486511,2.23230591751012,ok
pre_repair_frozen,140,10,quadratic,74,37,0.0323410875813716,0.00919727743064974,1.99776399577736,ok
pre_repair_frozen,140,10,pchip_spline,74,37,0.0443572718679538,0.00996328460813698,2.47490418974549,ok
pre_repair_frozen,150,10,linear,72,36,0.03749073959734,0.00928589116010082,2.17828043592141,ok
pre_repair_frozen,150,10,quadratic,72,36,0.0292498812913071,0.00907358762541082,1.88235480558465,ok
pre_repair_frozen,150,10,pchip_spline,72,36,0.0412647280104665,0.00943665425870699,2.31915635955291,ok
pre_repair_frozen,160,10,linear,74,36,0.0389087250997625,0.00874568608938811,2.17152611226423,ok
pre_repair_frozen,160,10,quadratic,74,36,0.0319722101554181,0.00851489614351349,1.91722995286529,ok
pre_repair_frozen,160,10,pchip_spline,74,36,0.0441588043316392,0.00903865460419327,2.3758256048073,ok
pre_repair_frozen,170,10,linear,75,35,0.0432600112277906,0.00902039679669165,2.34404005392885,ok
pre_repair_frozen,170,10,quadratic,75,35,0.0376828873628335,0.00879698408139437,2.13579465356722,ok
pre_repair_frozen,170,10,pchip_spline,75,35,0.0499428244524247,0.00941095553537858,2.60585636861868,ok
pre_repair_frozen,180,10,linear,77,35,0.0412310562561766,0.00895213684846916,2.26958222671947,ok
pre_repair_frozen,180,10,quadratic,77,35,0.0348055824750653,0.00867665691993033,2.02785177449521,ok
pre_repair_frozen,180,10,pchip_spline,77,35,0.0447852016375307,0.00913876597027388,2.40671665161174,ok
pre_repair_frozen,0,20,linear,75,37,0.0382735530734326,0.00925475822154141,2.2012609246019,ok
pre_repair_frozen,0,20,quadratic,75,37,0.0308001403998204,0.00875958357293569,1.90262970395425,ok
pre_repair_frozen,0,20,pchip_spline,75,37,0.0416873822377688,0.00940078612968408,2.32965802089403,ok
pre_repair_frozen,10,20,linear,74,37,0.0370901021254414,0.0091897761900168,2.15531435651639,ok
pre_repair_frozen,10,20,quadratic,74,37,0.028616759406315,0.00872737679579565,1.82662965979007,ok
pre_repair_frozen,10,20,pchip_spline,74,37,0.0422988083660661,0.0093419492407413,2.344155202943,ok
pre_repair_frozen,20,20,linear,73,37,0.0373804400361646,0.00934286098572151,2.1803007664443,ok
pre_repair_frozen,20,20,quadratic,73,37,0.028188554318989,0.00928698163209935,1.86831664050957,ok
pre_repair_frozen,20,20,pchip_spline,73,37,0.0427753402058912,0.00946663911532748,2.37250858506245,ok
pre_repair_frozen,30,20,linear,73,37,0.0395925190859027,0.00920788276963896,2.24053891316065,ok
pre_repair_frozen,30,20,quadratic,73,37,0.0308439840382424,0.00919878888985991,1.94801169026074,ok
pre_repair_frozen,30,20,pchip_spline,73,37,0.0465861596428624,0.00959183183948135,2.51205517204355,ok
pre_repair_frozen,40,20,linear,76,37,0.0386949259890402,0.00904582924111419,2.19441379041276,ok
pre_repair_frozen,40,20,quadratic,76,37,0.0322574106298156,0.00874096327710361,1.94934334870421,ok
pre_repair_frozen,40,20,pchip_spline,76,37,0.0438979159758983,0.00904605300962933,2.36786916682621,ok
pre_repair_frozen,50,20,linear,76,37,0.040168563747208,0.00891694627397121,2.23064675230405,ok
pre_repair_frozen,50,20,quadratic,76,37,0.0352596546103793,0.00865435160803211,2.04075698114919,ok
pre_repair_frozen,50,20,pchip_spline,76,37,0.0459435611463762,0.00914891991680502,2.44634402989304,ok
pre_repair_frozen,60,20,linear,78,36,0.0408588355737709,0.00893816342353771,2.25577752814613,ok
pre_repair_frozen,60,20,quadratic,78,36,0.0324037034920393,0.00854948812744222,1.93507226247887,ok
pre_repair_frozen,60,20,pchip_spline,78,36,0.0469633426786845,0.00920546708085469,2.48599146404162,ok
pre_repair_frozen,70,20,linear,78,35,0.0421561722306812,0.0088884691078843,2.29405265181114,ok
pre_repair_frozen,70,20,quadratic,78,35,0.0357770876399966,0.00846815879260075,2.03938546725996,ok
pre_repair_frozen,70,20,pchip_spline,78,35,0.0479583152331272,0.0094474366875532,2.54335417652623,ok
pre_repair_frozen,80,20,linear,78,35,0.0427951933215469,0.00886965282700211,2.31347172675177,ok
pre_repair_frozen,80,20,quadratic,78,35,0.0341006912372337,0.00840073337735101,1.97676304564289,ok
pre_repair_frozen,80,20,pchip_spline,78,35,0.0462601340248815,0.00924901975321397,2.46690644281745,ok
pre_repair_frozen,90,20,linear,78,36,0.0397562014729219,0.00876288261283881,2.20149497704794,ok
pre_repair_frozen,90,20,quadratic,78,36,0.031135902820449,0.00837582601142102,1.8754460284904,ok
pre_repair_frozen,90,20,pchip_spline,78,36,0.0436208410943413,0.0088758474663007,2.34161278310811,ok
pre_repair_frozen,100,20,linear,77,37,0.0384496863235369,0.00888668133188591,2.17032434397315,ok
pre_repair_frozen,100,20,quadratic,77,37,0.0317507182297993,0.00857791569235802,1.91614884356244,ok
pre_repair_frozen,100,20,pchip_spline,77,37,0.0420102947486073,0.00886931028744532,2.28727418703144,ok
pre_repair_frozen,110,20,linear,75,37,0.0383088445083843,0.00912978699929923,2.18994018354273,ok
pre_repair_frozen,110,20,quadratic,75,37,0.0315371938287888,0.00879242338645666,1.93048213293863,ok
pre_repair_frozen,110,20,pchip_spline,75,37,0.0445700177976909,0.00962006014483817,2.44767327440685,ok
pre_repair_frozen,120,20,linear,73,37,0.0384848162407083,0.00909642451091063,2.19246965911467,ok
pre_repair_frozen,120,20,quadratic,73,37,0.0307562342614623,0.00874032637488738,1.89924044620415,ok
pre_repair_frozen,120,20,pchip_spline,73,37,0.0429644730672441,0.00925524250037569,2.35767335227904,ok
pre_repair_frozen,130,20,linear,73,37,0.0389386211391238,0.00938420523668899,2.23637456163969,ok
pre_repair_frozen,130,20,quadratic,73,37,0.0309751426059584,0.00903630627728161,1.93613538126011,ok
pre_repair_frozen,130,20,pchip_spline,73,37,0.0446306160823698,0.00976781610246296,2.46446881299196,ok
pre_repair_frozen,140,20,linear,73,37,0.0371992443980222,0.00956535902638646,2.19651071590605,ok
pre_repair_frozen,140,20,quadratic,73,37,0.0291779257547783,0.0093073704286105,1.90333456802033,ok
pre_repair_frozen,140,20,pchip_spline,73,37,0.043805466769787,0.00982325095496445,2.44250732115601,ok
pre_repair_frozen,150,20,linear,72,37,0.0369440775343608,0.00947746827233786,2.17921607837915,ok
pre_repair_frozen,150,20,quadratic,72,37,0.0292242032235963,0.00926639612308064,1.90077971976127,ok
pre_repair_frozen,150,20,pchip_spline,72,37,0.0414924284854673,0.00959806839731399,2.34288778924698,ok
pre_repair_frozen,160,20,linear,75,36,0.0377123616632825,0.00883161847325216,2.14024056943463,ok
pre_repair_frozen,160,20,quadratic,75,36,0.0320156211871643,0.0086079253473508,1.92797990764056,ok
pre_repair_frozen,160,20,pchip_spline,75,36,0.0436526695123626,0.00913929572571395,2.36901855631682,ok
pre_repair_frozen,170,20,linear,75,35,0.0406377727173694,0.00895020094555866,2.24961251846818,ok
pre_repair_frozen,170,20,quadratic,75,35,0.0352946778667023,0.00872828653265485,2.0493179154889,ok
pre_repair_frozen,170,20,pchip_spline,75,35,0.0470258287691835,0.00923676471624466,2.49120409726392,ok
pre_repair_frozen,180,20,linear,77,34,0.0412667078462844,0.00911285633081242,2.28684256129072,ok
pre_repair_frozen,180,20,quadratic,77,34,0.034725816807401,0.00881929845333909,2.03945707224728,ok
pre_repair_frozen,180,20,pchip_spline,77,34,0.0460817687569032,0.00935345787578596,2.47140474614204,ok
pre_repair_frozen,0,30,linear,75,37,0.0370901021254414,0.0092186426562408,2.15820100313879,ok
pre_repair_frozen,0,30,quadratic,75,37,0.029683009973402,0.00870958348263015,1.86039201404308,ok
pre_repair_frozen,0,30,pchip_spline,75,37,0.0418168464694392,0.00935497409027573,2.32939229134221,ok
pre_repair_frozen,10,30,linear,74,37,0.0367607311046904,0.00914337272929351,2.13969497641903,ok
pre_repair_frozen,10,30,quadratic,74,37,0.0290386508509477,0.00872430208563176,1.8403852369281,ok
pre_repair_frozen,10,30,pchip_spline,74,37,0.0426170883122746,0.00932380273928643,2.3529498843378,ok
pre_repair_frozen,20,30,linear,73,37,0.0382028723980208,0.00926825567953667,2.20025464788769,ok
pre_repair_frozen,20,30,quadratic,73,37,0.0290386508509477,0.0092028102681388,1.8882360551788,ok
pre_repair_frozen,20,30,pchip_spline,73,37,0.0429644730672441,0.00942340356045192,2.37448945828666,ok
pre_repair_frozen,30,30,linear,74,37,0.0387995541908075,0.00916569709763001,2.20988818278992,ok
pre_repair_frozen,30,30,quadratic,74,37,0.0313653277327654,0.00904079353780347,1.94959027820586,ok
pre_repair_frozen,30,30,pchip_spline,74,37,0.0474768791524259,0.00971732109830388,2.55429474824458,ok
pre_repair_frozen,40,30,linear,76,37,0.0395925190859027,0.00908595162208162,2.22834579840492,ok
pre_repair_frozen,40,30,quadratic,76,37,0.0318781463735929,0.00878509830265823,1.94111470938559,ok
pre_repair_frozen,40,30,pchip_spline,76,37,0.0460023501162301,0.00924368547635528,2.45778021817653,ok
pre_repair_frozen,50,30,linear,76,37,0.0391462952580756,0.00891711908516652,2.19658841711917,ok
pre_repair_frozen,50,30,quadratic,76,37,0.03416968784709,0.00863973401525537,2.00296299642854,ok
pre_repair_frozen,50,30,pchip_spline,76,37,0.0445700177976909,0.00916817132026413,2.40248439194944,ok
pre_repair_frozen,60,30,linear,78,36,0.0418993502999218,0.00899883703534528,2.29652871353192,ok
pre_repair_frozen,60,30,quadratic,78,36,0.032829526005987,0.00859170904627935,1.95348843816084,ok
pre_repair_frozen,60,30,pchip_spline,78,36,0.046696419087073,0.00961659214100663,2.5182065170031,ok
pre_repair_frozen,70,30,linear,78,36,0.0409606857581484,0.00890135844736954,2.25549203667523,ok
pre_repair_frozen,70,30,quadratic,78,36,0.0334995854037363,0.00850879480752238,1.96753232754345,ok
pre_repair_frozen,70,30,pchip_spline,78,36,0.0453075907302273,0.00915936868601143,2.42618989294205,ok
pre_repair_frozen,80,30,linear,78,36,0.0416999866773227,0.00881691622271203,2.27169117818196,ok
pre_repair_frozen,80,30,quadratic,78,36,0.0330823887354654,0.00839922518698926,1.9426688098811,ok
pre_repair_frozen,80,30,pchip_spline,78,36,0.0444409720865779,0.00916458702895898,2.39782443911516,ok
pre_repair_frozen,90,30,linear,78,36,0.04,0.00878736263433685,2.21206959676702,ok
pre_repair_frozen,90,30,quadratic,78,36,0.0324037034920393,0.00839022033234199,1.91914548296884,ok
pre_repair_frozen,90,30,pchip_spline,78,36,0.0430761599444002,0.00894519974378855,2.33039197252553,ok
pre_repair_frozen,100,30,linear,76,37,0.0386599869968239,0.00887573679130333,2.1762399123578,ok
pre_repair_frozen,100,30,quadratic,76,37,0.0310187388873591,0.00853876194128151,1.88783415704012,ok
pre_repair_frozen,100,30,pchip_spline,76,37,0.0440208795668355,0.00909098879150185,2.37646153137804,ok
pre_repair_frozen,110,30,linear,74,37,0.0387995541908075,0.00896813523074632,2.19013199610155,ok
pre_repair_frozen,110,30,quadratic,74,37,0.0315800142067305,0.00857765848772207,1.91043298899656,ok
pre_repair_frozen,110,30,pchip_spline,74,37,0.0443267962395757,0.00932611208271026,2.41017108292355,ok
pre_repair_frozen,120,30,linear,73,37,0.0384848162407083,0.00910446068901052,2.19327327692466,ok
pre_repair_frozen,120,30,quadratic,73,37,0.0306241381566541,0.00872491302227178,1.89329590744898,ok
pre_repair_frozen,120,30,pchip_spline,73,37,0.0427437366993929,0.0092816300643223,2.35295422974533,ok
pre_repair_frozen,130,30,linear,72,37,0.038554980047803,0.00924720278003823,2.20988627959726,ok
pre_repair_frozen,130,30,quadratic,72,37,0.0304027025825719,0.00896189141562852,1.90961256098192,ok
pre_repair_frozen,130,30,pchip_spline,72,37,0.0452321339972584,0.00967526375373012,2.47526417528163,ok
pre_repair_frozen,140,30,linear,73,37,0.0375247665963175,0.00945577273891085,2.19640282710167,ok
pre_repair_frozen,140,30,quadratic,73,37,0.029637448918191,0.00919636327254907,1.90755129119461,ok
pre_repair_frozen,140,30,pchip_spline,73,37,0.043805466769787,0.0096510040305824,2.42528262871781,ok
pre_repair_frozen,150,30,linear,73,37,0.0382735530734326,0.00936098588845681,2.21188369129344,ok
pre_repair_frozen,150,30,quadratic,73,37,0.0305799793187493,0.00910833366553955,1.93016601051227,ok
pre_repair_frozen,150,30,pchip_spline,73,37,0.0440515668341154,0.00960286803987992,2.42867236512517,ok
pre_repair_frozen,160,30,linear,75,36,0.0384418753155693,0.00894455538929759,2.17585138278207,ok
pre_repair_frozen,160,30,quadratic,75,36,0.0313581462037113,0.00872667040925108,1.91793858104882,ok
pre_repair_frozen,160,30,pchip_spline,75,36,0.0458863329931206,0.00924278518084047,2.45382295118807,ok
pre_repair_frozen,170,30,linear,75,35,0.0394244304243665,0.00894213374814661,2.20836105562688,ok
pre_repair_frozen,170,30,quadratic,75,35,0.0341006912372336,0.00871359349786176,2.00804905769396,ok
pre_repair_frozen,170,30,pchip_spline,75,35,0.0447852016375307,0.0091864874777523,2.41148880235959,ok
pre_repair_frozen,180,30,linear,77,34,0.041337918784232,0.00923250834400909,2.30118146054198,ok
pre_repair_frozen,180,30,quadratic,77,34,0.0339116499156263,0.00883421449925972,2.01380978044685,ok
pre_repair_frozen,180,30,pchip_spline,77,34,0.0466526589621137,0.0094941597355384,2.5045046056243,ok
pre_repair_frozen,0,60,linear,76,37,0.0368341791921139,0.00918416808030422,2.14622278110089,ok
pre_repair_frozen,0,60,quadratic,76,37,0.0279478278419108,0.00863507847800958,1.79510210919798,ok
pre_repair_frozen,0,60,pchip_spline,76,37,0.042490062431178,0.00923533989989015,2.33986940436162,ok
pre_repair_frozen,10,60,linear,75,37,0.0371992443980222,0.00911239443197331,2.15121425646474,ok
pre_repair_frozen,10,60,quadratic,75,37,0.0295003435619023,0.00871949364156772,1.85529414955352,ok
pre_repair_frozen,10,60,pchip_spline,75,37,0.0420102947486073,0.00928178128731191,2.3285212870181,ok
pre_repair_frozen,20,60,linear,74,37,0.0375247665963175,0.00918150835035408,2.16897638824599,ok
pre_repair_frozen,20,60,quadratic,74,37,0.0278994332985167,0.00890707708611113,1.82068881856167,ok
pre_repair_frozen,20,60,pchip_spline,74,37,0.0416224991132492,0.00926454309566058,2.31387094667437,ok
pre_repair_frozen,30,60,linear,75,37,0.0370171618343474,0.00917383987936564,2.15128938241481,ok
pre_repair_frozen,30,60,quadratic,75,37,0.0290386508509477,0.00878146649435755,1.84610167780068,ok
pre_repair_frozen,30,60,pchip_spline,75,37,0.0447817530407799,0.00943264164681314,2.43598926604064,ok
pre_repair_frozen,40,60,linear,76,37,0.0370536499278138,0.00904770720527393,2.13989238478785,ok
pre_repair_frozen,40,60,quadratic,76,37,0.030224386073393,0.00873339808289649,1.88081934406942,ok
pre_repair_frozen,40,60,pchip_spline,76,37,0.043928689141946,0.00931186816315963,2.39547645438083,ok
pre_repair_frozen,50,60,linear,76,37,0.0383441034615528,0.009034643884898,2.18160117054156,ok
pre_repair_frozen,50,60,quadratic,76,37,0.0335712231982546,0.00874202230775593,1.99324300405075,ok
pre_repair_frozen,50,60,pchip_spline,76,37,0.0445396877378342,0.00935882002070349,2.42053825999816,ok
pre_repair_frozen,60,60,linear,77,36,0.040345728123034,0.00902821665710374,2.24767926981151,ok
pre_repair_frozen,60,60,quadratic,77,36,0.0344399638662864,0.00865368817480995,2.01336761302387,ok
pre_repair_frozen,60,60,pchip_spline,77,36,0.0450616861153192,0.00924183717572924,2.4262399214169,ok
pre_repair_frozen,70,60,linear,78,36,0.039370039370059,0.00887474661816211,2.19980930748485,ok
pre_repair_frozen,70,60,quadratic,78,36,0.0321886798597133,0.00846628898341347,1.91958489366512,ok
pre_repair_frozen,70,60,pchip_spline,78,36,0.0445346307196246,0.00924345692609157,2.40883338326331,ok
pre_repair_frozen,80,60,linear,78,36,0.0391223153143517,0.00884923352004451,2.18900052914951,ok
pre_repair_frozen,80,60,quadratic,78,36,0.0319722101554182,0.00847108569601692,1.91284890811563,ok
pre_repair_frozen,80,60,pchip_spline,78,36,0.0439696865275764,0.00910573897015701,2.37623011460158,ok
pre_repair_frozen,90,60,linear,78,36,0.0386221007541882,0.00884996920115189,2.17240027858813,ok
pre_repair_frozen,90,60,quadratic,78,36,0.0315348132140409,0.00847759607851388,1.89892004831942,ok
pre_repair_frozen,90,60,pchip_spline,78,36,0.0435252161906686,0.00906842495370311,2.35768303505927,ok
pre_repair_frozen,100,60,linear,76,37,0.0392497202606661,0.00890211559094368,2.19853556778324,ok
pre_repair_frozen,100,60,quadratic,76,37,0.031962816234206,0.00858892629017132,1.924319836824,ok
pre_repair_frozen,100,60,pchip_spline,76,37,0.0458257569495584,0.00932596905159299,2.46012213681125,ok
pre_repair_frozen,110,60,linear,75,37,0.0390771931825589,0.0089195597713937,2.19452908322467,ok
pre_repair_frozen,110,60,quadratic,75,37,0.0311057481435115,0.00858583979544138,1.89544225099452,ok
pre_repair_frozen,110,60,pchip_spline,75,37,0.0442657820382681,0.00922918986618233,2.3984450545605,ok
pre_repair_frozen,120,60,linear,74,37,0.0377760112641214,0.00915324081844547,2.17452445731526,ok
pre_repair_frozen,120,60,quadratic,74,37,0.029546116038711,0.00873940822725479,1.85881135734918,ok
pre_repair_frozen,120,60,pchip_spline,74,37,0.0371628992555893,0.00871910682289084,2.11067399080873,ok
pre_repair_frozen,130,60,linear,73,37,0.0378831774688335,0.00910570100093716,2.17334268238817,ok
pre_repair_frozen,130,60,quadratic,73,37,0.0306241381566541,0.00882747063500368,1.90355166872217,ok
pre_repair_frozen,130,60,pchip_spline,73,37,0.0426170883122746,0.00941577444389492,2.36214705479865,ok
pre_repair_frozen,140,60,linear,73,37,0.0370536499278138,0.00922468372959848,2.15759003722031,ok
pre_repair_frozen,140,60,quadratic,73,37,0.029683009973402,0.00893685439377057,1.88311910515712,ok
pre_repair_frozen,140,60,pchip_spline,73,37,0.0416549533085218,0.00935441281698289,2.32393972531568,ok
pre_repair_frozen,150,60,linear,73,37,0.0373080673835015,0.00925363409068385,2.1689656551851,ok
pre_repair_frozen,150,60,quadratic,73,37,0.0298192754638537,0.00899363591162898,1.89333943995802,ok
pre_repair_frozen,150,60,pchip_spline,73,37,0.0431527769924736,0.00954631095916737,2.39305699566586,ok
pre_repair_frozen,160,60,linear,74,36,0.0371184290855335,0.00898815823727368,2.13609679324515,ok
pre_repair_frozen,160,60,quadratic,74,36,0.0307769755210323,0.00875568645775108,1.90146782980952,ok
pre_repair_frozen,160,60,pchip_spline,74,36,0.0416666666666667,0.00902796446880593,2.29168533576948,ok
pre_repair_frozen,170,60,linear,75,35,0.0374928564624554,0.00908943882334632,2.15870576441648,ok
pre_repair_frozen,170,60,quadratic,75,35,0.0320267745131208,0.00887858329617199,1.95541748005456,ok
pre_repair_frozen,170,60,pchip_spline,75,35,0.0450396650583841,0.00947873637050837,2.44919580566364,ok
pre_repair_frozen,180,60,linear,76,34,0.0392952623996688,0.009092865286825,2.21912860867146,ok
pre_repair_frozen,180,60,quadratic,76,34,0.0356040314967776,0.00880755307146592,2.06755635703918,ok
pre_repair_frozen,180,60,pchip_spline,76,34,0.0452119193029761,0.0094443944825909,2.45150342502496,ok
post_repair_adapted,0,10,linear,44,28,0.13,0.0214440173168872,6.47773506502205,ok
post_repair_adapted,0,10,quadratic,44,28,0.149212217040984,0.0161872268022615,6.59246324825895,ok
post_repair_adapted,0,10,pchip_spline,44,28,0.121875228937514,0.0214178096595205,6.20428859720252,ok
post_repair_adapted,10,10,linear,46,27,0.132077418374393,0.0214250047083612,6.54508108331589,ok
post_repair_adapted,10,10,quadratic,46,27,0.148124072117738,0.0156995043893922,6.50741950953047,ok
post_repair_adapted,10,10,pchip_spline,46,27,0.125815856034244,0.0216387591168382,6.35773777949195,ok
post_repair_adapted,20,10,linear,45,26,0.130913947073876,0.0204403321146692,6.40783144726278,ok
post_repair_adapted,20,10,quadratic,45,26,0.147008633969364,0.0156670640495268,6.46699420393149,ok
post_repair_adapted,20,10,pchip_spline,45,26,0.12178164570562,0.0207692009202062,6.13630828220796,ok
post_repair_adapted,30,10,linear,45,27,0.128855359623509,0.0188613664007622,6.18131529419317,ok
post_repair_adapted,30,10,quadratic,45,27,0.146956783770931,0.0145992879684156,6.35848825587261,ok
post_repair_adapted,30,10,pchip_spline,45,27,0.120046287369127,0.0189945204742093,5.90099495972518,ok
post_repair_adapted,40,10,linear,44,27,0.145398558248494,0.0210635251601629,6.95297112429943,ok
post_repair_adapted,40,10,quadratic,44,27,0.146160743576936,0.0148879039327013,6.36081517916802,ok
post_repair_adapted,40,10,pchip_spline,44,27,0.120200449866663,0.0178333955956455,5.79002122178665,ok
post_repair_adapted,50,10,linear,45,26,0.14552292972904,0.0225279283169217,7.1035571559935,ok
post_repair_adapted,50,10,quadratic,45,26,0.14721778738684,0.0159517786709828,6.50243744665963,ok
post_repair_adapted,50,10,pchip_spline,45,26,0.115874600654859,0.0190356457648181,5.76605126497711,ok
post_repair_adapted,60,10,linear,43,28,0.150119000415385,0.0242642898770032,7.43039566821315,ok
post_repair_adapted,60,10,quadratic,43,28,0.151692828722106,0.0177633180446381,6.83275942853402,ok
post_repair_adapted,60,10,pchip_spline,43,28,0.121287733451138,0.0205170935863981,6.09463380701108,ok
post_repair_adapted,70,10,linear,43,27,0.159036450515574,0.027261473664634,8.0273623836492,ok
post_repair_adapted,70,10,quadratic,43,27,0.160115698908749,0.0204039377039022,7.37758373401518,ok
post_repair_adapted,70,10,pchip_spline,43,27,0.129729062394013,0.0241845844577146,6.74276052557189,ok
post_repair_adapted,80,10,linear,45,28,0.155402702679201,0.0260402684711628,7.78411693642296,ok
post_repair_adapted,80,10,quadratic,45,28,0.158328320722659,0.0220092815400749,7.47853884476279,ok
post_repair_adapted,80,10,pchip_spline,45,28,0.131841354882081,0.0257113321600193,6.96584504540463,ok
post_repair_adapted,90,10,linear,46,29,0.14592156608355,0.0238204721369604,7.24609941648105,ok
post_repair_adapted,90,10,quadratic,46,29,0.148904042232249,0.0217030620021383,7.13377427462214,ok
post_repair_adapted,90,10,pchip_spline,46,29,0.123804629182016,0.0240933403594013,6.536155008674,ok
post_repair_adapted,100,10,linear,46,25,0.140570267126445,0.0216439750115966,6.85007307204115,ok
post_repair_adapted,100,10,quadratic,46,25,0.137549990912395,0.0201808269159065,6.60308238867049,ok
post_repair_adapted,100,10,pchip_spline,46,25,0.118591736642989,0.0226138288035747,6.2144407684571,ok
post_repair_adapted,110,10,linear,46,26,0.140930970554873,0.0209403861523127,6.79173763372704,ok
post_repair_adapted,110,10,quadratic,46,26,0.136367715556703,0.0191688922409457,6.46247974265134,ok
post_repair_adapted,110,10,pchip_spline,46,26,0.119679057997116,0.0211114651402999,6.10044844726717,ok
post_repair_adapted,120,10,linear,44,28,0.139540060812043,0.0188126508029881,6.53260044070024,ok
post_repair_adapted,120,10,quadratic,44,28,0.127573508221731,0.0164921482673808,5.90166510079577,ok
post_repair_adapted,120,10,pchip_spline,44,28,0.114673449411797,0.0186184290195537,5.68429121568195,ok
post_repair_adapted,130,10,linear,44,27,0.13427445635574,0.0171695355605085,6.19276876790887,ok
post_repair_adapted,130,10,quadratic,44,27,0.122957384969422,0.0148911894627398,5.5876984452547,ok
post_repair_adapted,130,10,pchip_spline,44,27,0.112233222783168,0.0167382029476178,5.41492772086739,ok
post_repair_adapted,140,10,linear,42,26,0.132505442558758,0.0175328933987352,6.17013742516546,ok
post_repair_adapted,140,10,quadratic,42,26,0.121592003785674,0.0151233584152189,5.56540263437769,ok
post_repair_adapted,140,10,pchip_spline,42,26,0.110610195663037,0.0166235799173114,5.34936451383238,ok
post_repair_adapted,150,10,linear,42,27,0.127584394726698,0.0231121683670528,6.56402999426187,ok
post_repair_adapted,150,10,quadratic,42,27,0.129042054586293,0.0161205796440805,5.91345978395116,ok
post_repair_adapted,150,10,pchip_spline,42,27,0.114633070013591,0.0206845047456782,5.88955280835417,ok
post_repair_adapted,160,10,linear,40,25,0.130215206485264,0.0215408618091931,6.49459306376145,ok
post_repair_adapted,160,10,quadratic,40,25,0.138217220345368,0.0156760123061214,6.17484190879107,ok
post_repair_adapted,160,10,pchip_spline,40,25,0.118304691369362,0.0194706786570086,5.89055757801293,ok
post_repair_adapted,170,10,linear,44,26,0.128855912374428,0.0213835026643746,6.43354734558505,ok
post_repair_adapted,170,10,quadratic,44,26,0.141230853024946,0.0167771871481824,6.38541381564977,ok
post_repair_adapted,170,10,pchip_spline,44,26,0.122850753731134,0.0215896032398692,6.25398544835805,ok
post_repair_adapted,180,10,linear,41,27,0.130028486907321,0.0224021326463487,6.57449616154558,ok
post_repair_adapted,180,10,quadratic,41,27,0.144363225028886,0.0193532608274425,6.74743358370711,ok
post_repair_adapted,180,10,pchip_spline,41,27,0.127410099024109,0.0261527183500959,6.86227513581324,ok
post_repair_adapted,0,20,linear,43,28,0.130520934281495,0.0215780378287736,6.50850159226053,ok
post_repair_adapted,0,20,quadratic,43,28,0.150973034489134,0.0170030395449095,6.73273843746208,ok
post_repair_adapted,0,20,pchip_spline,43,28,0.122794834698254,0.022131252678427,6.30628642445115,ok
post_repair_adapted,10,20,linear,46,27,0.129443252259651,0.0210264921108482,6.41742428640651,ok
post_repair_adapted,10,20,quadratic,46,27,0.146160743576936,0.0153164360785266,6.40366839375054,ok
post_repair_adapted,10,20,pchip_spline,46,27,0.122731263184907,0.0212426126830485,6.21530337446843,ok
post_repair_adapted,20,20,linear,47,27,0.128711563842052,0.0204174247558889,6.33212793699063,ok
post_repair_adapted,20,20,quadratic,47,27,0.14476033833739,0.0151167723335757,6.3370218446039,ok
post_repair_adapted,20,20,pchip_spline,47,27,0.120538913341832,0.0205996035735119,6.07792413541225,ok
post_repair_adapted,30,20,linear,44,26,0.143660925579858,0.021945374758934,6.98323499522201,ok
post_repair_adapted,30,20,quadratic,44,26,0.14524515085246,0.0149741703532317,6.33892206373851,ok
post_repair_adapted,30,20,pchip_spline,44,26,0.119066884887962,0.0192821046020075,5.89710662313281,ok
post_repair_adapted,40,20,linear,45,26,0.143030389455152,0.0219710481043845,6.9647844589435,ok
post_repair_adapted,40,20,quadratic,45,26,0.146011063858979,0.0157775066880771,6.44478613077367,ok
post_repair_adapted,40,20,pchip_spline,45,26,0.11972725414297,0.0188872427662433,5.87963274805667,ok
post_repair_adapted,50,20,linear,44,27,0.146160743576936,0.022989566572554,7.17098144315329,ok
post_repair_adapted,50,20,quadratic,44,27,0.148536066202667,0.0163094882838864,6.5821510351442,ok
post_repair_adapted,50,20,pchip_spline,44,27,0.118992685738491,0.0189243124137772,5.85885409932742,ok
post_repair_adapted,60,20,linear,44,27,0.14897178455195,0.0240507216330143,7.37079831503309,ok
post_repair_adapted,60,20,quadratic,44,27,0.151462010883062,0.0178399069092892,6.83272438703098,ok
post_repair_adapted,60,20,pchip_spline,44,27,0.121913752148652,0.0206047784261592,6.12426958090432,ok
post_repair_adapted,70,20,linear,43,27,0.156359036029736,0.0267053932476434,7.88250719242219,ok
post_repair_adapted,70,20,quadratic,43,27,0.157820807903798,0.020276385503812,7.28833214717446,ok
post_repair_adapted,70,20,pchip_spline,43,27,0.127293769304329,0.0235000480421496,6.59313044769259,ok
post_repair_adapted,80,20,linear,45,27,0.15545631755148,0.0263341211601078,7.81528936772679,ok
post_repair_adapted,80,20,quadratic,45,27,0.158978218866844,0.0222759188106116,7.52686584328928,ok
post_repair_adapted,80,20,pchip_spline,45,27,0.131965203045404,0.0262076163568477,7.01960173719826,ok
post_repair_adapted,90,20,linear,46,27,0.147848771585222,0.0244534315860245,7.37363554477654,ok
post_repair_adapted,90,20,quadratic,46,27,0.151510909031514,0.022437068261588,7.29407046054259,ok
post_repair_adapted,90,20,pchip_spline,46,27,0.125299640861417,0.0246513300144015,6.64178769682071,ok
post_repair_adapted,100,20,linear,46,25,0.141844985811977,0.0217474480285275,6.90291099658532,ok
post_repair_adapted,100,20,quadratic,46,25,0.138361844451424,0.020245215000651,6.63658298177923,ok
post_repair_adapted,100,20,pchip_spline,46,25,0.120449159399308,0.0226260144539899,6.27757342537594,ok
post_repair_adapted,110,20,linear,46,26,0.140630448612394,0.0207769222697732,6.76537384739044,ok
post_repair_adapted,110,20,quadratic,46,26,0.136099511105209,0.0191192885892144,6.44857922909507,ok
post_repair_adapted,110,20,pchip_spline,46,26,0.119903807599772,0.0211174409936965,6.10853768602871,ok
post_repair_adapted,120,20,linear,42,26,0.141977788078602,0.0201970972804087,6.75230266399426,ok
post_repair_adapted,120,20,quadratic,42,26,0.131690195885296,0.0176496869239044,6.15464188856698,ok
post_repair_adapted,120,20,pchip_spline,42,26,0.117440656045118,0.0201430161585861,5.92899015069588,ok
post_repair_adapted,130,20,linear,44,26,0.134307339853269,0.0173828647038228,6.21519779882459,ok
post_repair_adapted,130,20,quadratic,44,26,0.123941673627309,0.0150711285661775,5.63850197752806,ok
post_repair_adapted,130,20,pchip_spline,44,26,0.112745458718028,0.0166181437395383,5.41999633122142,ok
post_repair_adapted,140,20,linear,42,26,0.133416640641263,0.0176710677291204,6.21432812762082,ok
post_repair_adapted,140,20,quadratic,42,26,0.12369316876853,0.0152406964673719,5.64717527235485,ok
post_repair_adapted,140,20,pchip_spline,42,26,0.113882530570895,0.0167871490769916,5.47479926006232,ok
post_repair_adapted,150,20,linear,41,26,0.13856406460551,0.0196536446677551,6.58416662029251,ok
post_repair_adapted,150,20,quadratic,41,26,0.130487252545692,0.0164574020008201,5.9953152849384,ok
post_repair_adapted,150,20,pchip_spline,41,26,0.117112700487115,0.0200511919111291,5.90887587401673,ok
post_repair_adapted,160,20,linear,41,25,0.130215206485264,0.022262202395868,6.56672712242894,ok
post_repair_adapted,160,20,quadratic,41,25,0.138332931726325,0.0162484718465538,6.23594490886621,ok
post_repair_adapted,160,20,pchip_spline,41,25,0.118709730014014,0.0200462163266183,5.96161263312895,ok
post_repair_adapted,170,20,linear,42,25,0.1290736224021,0.0215898498519646,6.46143906526648,ok
post_repair_adapted,170,20,quadratic,42,25,0.142940547081645,0.0169763311854433,6.46231802126584,ok
post_repair_adapted,170,20,pchip_spline,42,25,0.122311078811365,0.0215272231591742,6.22975827629627,ok
post_repair_adapted,180,20,linear,42,26,0.130575648572006,0.0232173680646668,6.67425842553355,ok
post_repair_adapted,180,20,quadratic,42,26,0.145509714188012,0.0199422186015961,6.84454566642667,ok
post_repair_adapted,180,20,pchip_spline,42,26,0.128975251054671,0.0265854950860366,6.95772454375936,ok
post_repair_adapted,0,30,linear,43,28,0.131420807224079,0.0215973451717645,6.54042809131243,ok
post_repair_adapted,0,30,quadratic,43,28,0.150677043469042,0.0171219943180795,6.73476754744267,ok
post_repair_adapted,0,30,pchip_spline,43,28,0.123389626792531,0.0223091202382375,6.34389958357478,ok
post_repair_adapted,10,30,linear,45,26,0.131485594414223,0.0215164128937142,6.53449443651219,ok
post_repair_adapted,10,30,quadratic,45,26,0.148608934403741,0.0158917383276319,6.54280497955456,ok
post_repair_adapted,10,30,pchip_spline,45,26,0.124298028946561,0.0219729925359875,6.34056688515077,ok
post_repair_adapted,20,30,linear,47,27,0.131332205296904,0.020386036759486,6.41634385251207,ok
post_repair_adapted,20,30,quadratic,47,27,0.147660772393022,0.0152906585325783,6.45109159969188,ok
post_repair_adapted,20,30,pchip_spline,47,27,0.122519839663261,0.0207136489502308,6.15535955046511,ok
post_repair_adapted,30,30,linear,45,27,0.143423744095496,0.021666143344047,6.94740580425458,ok
post_repair_adapted,30,30,quadratic,45,27,0.144337567297406,0.0146319869615132,6.2744509393982,ok
post_repair_adapted,30,30,pchip_spline,45,27,0.119814671704076,0.0188823472799424,5.88205711813011,ok
post_repair_adapted,40,30,linear,45,26,0.146851573418144,0.0224506857030748,7.14012101757896,ok
post_repair_adapted,40,30,quadratic,45,26,0.148220210393963,0.0158501560208387,6.52568928188265,ok
post_repair_adapted,40,30,pchip_spline,45,26,0.121116599891306,0.0190434074068849,5.94156073706537,ok
post_repair_adapted,50,30,linear,44,27,0.146767642008519,0.022908133297572,7.1830680633745,ok
post_repair_adapted,50,30,quadratic,44,27,0.148922052691258,0.0163216536317909,6.59623378622102,ok
post_repair_adapted,50,30,pchip_spline,44,27,0.120277457017792,0.0192410907329657,5.93335764055629,ok
post_repair_adapted,60,30,linear,44,27,0.149120880620512,0.0240100247298978,7.37169849367352,ok
post_repair_adapted,60,30,quadratic,44,27,0.152023390013218,0.0177802520223427,6.84547153600822,ok
post_repair_adapted,60,30,pchip_spline,44,27,0.120891748332195,0.0205918826448264,6.08891320888915,ok
post_repair_adapted,70,30,linear,44,27,0.156074531103762,0.0264362030876712,7.84610467889254,ok
post_repair_adapted,70,30,quadratic,44,27,0.157938103206429,0.0204158175268011,7.30618519289439,ok
post_repair_adapted,70,30,pchip_spline,44,27,0.126885775404495,0.0233806355208928,6.56758939890578,ok
post_repair_adapted,80,30,linear,45,27,0.156193137801557,0.0264356814783526,7.85000607455385,ok
post_repair_adapted,80,30,quadratic,45,27,0.158675069805492,0.0223843640135387,7.52760539487027,ok
post_repair_adapted,80,30,pchip_spline,45,27,0.132161517343993,0.0263712136109112,7.04250527255756,ok
post_repair_adapted,90,30,linear,46,27,0.147145682409821,0.0244673821595863,7.35159429628599,ok
post_repair_adapted,90,30,quadratic,46,27,0.150812613678182,0.0225176746713081,7.27885458973687,ok
post_repair_adapted,90,30,pchip_spline,46,27,0.125521135891752,0.024711482616058,6.65518612466419,ok
post_repair_adapted,100,30,linear,45,25,0.146574213284602,0.0228546007961716,7.1712671891039,ok
post_repair_adapted,100,30,quadratic,45,25,0.143345735897515,0.0215536968314428,6.9335608797281,ok
post_repair_adapted,100,30,pchip_spline,45,25,0.123320720075744,0.0234477703863484,6.4554677078263,ok
post_repair_adapted,110,30,linear,46,25,0.141308173861246,0.0208087240060186,6.79114486264338,ok
post_repair_adapted,110,30,quadratic,46,25,0.136073509545392,0.019049540655789,6.44073771709198,ok
post_repair_adapted,110,30,pchip_spline,46,25,0.119281180409988,0.0203114036098131,6.0071797079809,ok
post_repair_adapted,120,30,linear,43,26,0.141012819930017,0.0196488973452906,6.66531706552963,ok
post_repair_adapted,120,30,quadratic,43,26,0.130575648572006,0.0174441854905201,6.09694016811888,ok
post_repair_adapted,120,30,pchip_spline,43,26,0.115392307435915,0.0185920946090023,5.70561970876405,ok
post_repair_adapted,130,30,linear,43,26,0.135135259875202,0.0180291830102699,6.30742696353373,ok
post_repair_adapted,130,30,quadratic,43,26,0.124421739381706,0.0156100383676861,5.70839514949215,ok
post_repair_adapted,130,30,pchip_spline,43,26,0.111579568022107,0.0168705259258941,5.40637152665964,ok
post_repair_adapted,140,30,linear,42,26,0.133733374236259,0.0178201532325884,6.23979446446748,ok
post_repair_adapted,140,30,quadratic,42,26,0.124096736459909,0.015346022593808,5.67116014137775,ok
post_repair_adapted,140,30,pchip_spline,42,26,0.11320505560877,0.0169113199630967,5.46463384993532,ok
post_repair_adapted,150,30,linear,42,26,0.129109375218188,0.0225959846933675,6.563244309943,ok
post_repair_adapted,150,30,quadratic,42,26,0.128047467160244,0.0160479132186813,5.87304022720961,ok
post_repair_adapted,150,30,pchip_spline,42,26,0.114589568594917,0.0186901022818422,5.68866251468147,ok
post_repair_adapted,160,30,linear,43,26,0.129837176138779,0.0223407460034271,6.56198047163535,ok
post_repair_adapted,160,30,quadratic,43,26,0.138202749610853,0.0164171473930138,6.24847305966314,ok
post_repair_adapted,160,30,pchip_spline,43,26,0.119646916447456,0.0201212724442253,6.00035779267108,ok
post_repair_adapted,170,30,linear,42,25,0.128436754864019,0.021809989434641,6.46222410559805,ok
post_repair_adapted,170,30,quadratic,42,25,0.143234074158351,0.0170158864832495,6.47605778693665,ok
post_repair_adapted,170,30,pchip_spline,42,25,0.12271919165314,0.0215406111151438,6.2447008332857,ok
post_repair_adapted,180,30,linear,42,26,0.13061982415215,0.0230017201282104,6.65416615122602,ok
post_repair_adapted,180,30,quadratic,42,26,0.145866113531975,0.020025029453882,6.86470672978738,ok
post_repair_adapted,180,30,pchip_spline,42,26,0.129228479833201,0.0264989920689815,6.95751520133819,ok
post_repair_adapted,0,60,linear,45,27,0.131529464379659,0.0211325099798769,6.49756647730966,ok
post_repair_adapted,0,60,quadratic,45,27,0.15428448951111,0.0171369140415697,6.85650772119396,ok
post_repair_adapted,0,60,pchip_spline,45,27,0.124870303085212,0.0216362588964402,6.32596932581774,ok
post_repair_adapted,10,60,linear,45,26,0.133675842130247,0.0213000246808911,6.58586387243068,ok
post_repair_adapted,10,60,quadratic,45,26,0.150614127440341,0.0162649365688332,6.64696457156137,ok
post_repair_adapted,10,60,pchip_spline,45,26,0.125391693995563,0.022303236489502,6.41004678213564,ok
post_repair_adapted,20,60,linear,45,26,0.147478812037526,0.0244446515881861,7.36042556006948,ok
post_repair_adapted,20,60,quadratic,45,26,0.149383347851709,0.0160896711222018,6.58841204061047,ok
post_repair_adapted,20,60,pchip_spline,45,26,0.119791485507109,0.0219863337805891,6.19168289496256,ok
post_repair_adapted,30,60,linear,44,26,0.146129552636851,0.0232273042365437,7.1937155115494,ok
post_repair_adapted,30,60,quadratic,44,26,0.146864668212715,0.0154600843245248,6.44149737287631,ok
post_repair_adapted,30,60,pchip_spline,44,26,0.119711190917012,0.0190884437062829,5.89921740119535,ok
post_repair_adapted,40,60,linear,44,26,0.146707453536202,0.0232715841353417,7.21740686474091,ok
post_repair_adapted,40,60,quadratic,44,26,0.148983736851221,0.0162212631535053,6.5882508770579,ok
post_repair_adapted,40,60,pchip_spline,44,26,0.119582607431014,0.0194358292321881,5.92966983758594,ok
post_repair_adapted,50,60,linear,44,27,0.147346907368669,0.0232893632270604,7.24049990166167,ok
post_repair_adapted,50,60,quadratic,44,27,0.150702060739431,0.0165391512724554,6.67731715189324,ok
post_repair_adapted,50,60,pchip_spline,44,27,0.121335164821342,0.0199816341903431,6.04266891307905,ok
post_repair_adapted,60,60,linear,44,27,0.148623312064053,0.023380349585258,7.29214536066091,ok
post_repair_adapted,60,60,quadratic,44,27,0.150283682365003,0.0177150202779022,6.78095810662366,ok
post_repair_adapted,60,60,pchip_spline,44,27,0.121182445862366,0.0201902239017795,6.05843725225681,ok
post_repair_adapted,70,60,linear,45,27,0.149009072555008,0.0249418864202587,7.46115772719281,ok
post_repair_adapted,70,60,quadratic,45,27,0.151999025338006,0.0202213642959772,7.08877060753125,ok
post_repair_adapted,70,60,pchip_spline,45,27,0.123062766279832,0.0218134024882403,6.28343245815175,ok
post_repair_adapted,80,60,linear,46,27,0.151986841535707,0.0258124305647487,7.64747110766509,ok
post_repair_adapted,80,60,quadratic,46,27,0.155599200226451,0.0224032367113868,7.42696367868704,ok
post_repair_adapted,80,60,pchip_spline,46,27,0.129242809098625,0.0255213568707051,6.86022932369136,ok
post_repair_adapted,90,60,linear,46,27,0.149096041629648,0.0246137953570287,7.43124759002446,ok
post_repair_adapted,90,60,quadratic,46,27,0.151852755191532,0.0225574786934114,7.31750637572554,ok
post_repair_adapted,90,60,pchip_spline,46,27,0.127714960404453,0.0247225439631007,6.72941974312519,ok
post_repair_adapted,100,60,linear,45,26,0.145456840016867,0.0225676917651751,7.10533051041307,ok
post_repair_adapted,100,60,quadratic,45,26,0.142113172669369,0.0211278628259584,6.84989203824147,ok
post_repair_adapted,100,60,pchip_spline,45,26,0.123225871409438,0.0230244903102344,6.40997807800471,ok
post_repair_adapted,110,60,linear,45,26,0.141720201046341,0.0213673671617795,6.86074341772266,ok
post_repair_adapted,110,60,quadratic,45,26,0.137686935864273,0.0197045488271731,6.5600194115264,ok
post_repair_adapted,110,60,pchip_spline,45,26,0.119469983355975,0.0214613054340075,6.12846332193325,ok
post_repair_adapted,120,60,linear,43,26,0.138452991189179,0.0202060234910616,6.63570205541211,ok
post_repair_adapted,120,60,quadratic,43,26,0.131031411383801,0.017780100191752,6.14572373196855,ok
post_repair_adapted,120,60,pchip_spline,43,26,0.117735034979136,0.0201506125732615,5.93956242329736,ok
post_repair_adapted,130,60,linear,42,26,0.138147078813182,0.0198098255339412,6.58588518050017,ok
post_repair_adapted,130,60,quadratic,42,26,0.130103509087661,0.0173346009168443,6.0702437279398,ok
post_repair_adapted,130,60,pchip_spline,42,26,0.115125349744729,0.019100520508356,5.74756370899323,ok
post_repair_adapted,140,60,linear,42,26,0.138188834014018,0.019666693183878,6.57296378552174,ok
post_repair_adapted,140,60,quadratic,42,26,0.129851986744672,0.0171392194597288,6.04232150412862,ok
post_repair_adapted,140,60,pchip_spline,42,26,0.117440656045118,0.0192734656135521,5.84203509619247,ok
post_repair_adapted,150,60,linear,42,26,0.138411315677918,0.0198873384673266,6.60244436932994,ok
post_repair_adapted,150,60,quadratic,42,26,0.130913947073876,0.0166684972562217,6.03064796141803,ok
post_repair_adapted,150,60,pchip_spline,42,26,0.118240302903744,0.0202384758865444,5.96519101877925,ok
post_repair_adapted,160,60,linear,42,26,0.130634546025868,0.0242357442164083,6.77805928916977,ok
post_repair_adapted,160,60,quadratic,42,26,0.13881365483709,0.0169512348229299,6.32224531019599,ok
post_repair_adapted,160,60,pchip_spline,42,26,0.119662988301441,0.0212537498075356,6.11414125746825,ok
post_repair_adapted,170,60,linear,42,26,0.129377206410022,0.0223313520001636,6.54570874701711,ok
post_repair_adapted,170,60,quadratic,42,26,0.141040092499642,0.017449765759902,6.44631299264495,ok
post_repair_adapted,170,60,pchip_spline,42,26,0.12201828362365,0.022124245235028,6.27970064429114,ok
post_repair_adapted,180,60,linear,43,26,0.128960339759049,0.023214839218087,6.62016191377699,ok
post_repair_adapted,180,60,quadratic,43,26,0.142801637568719,0.0189228684482496,6.65234143044891,ok
post_repair_adapted,180,60,pchip_spline,43,26,0.126140946807682,0.024750193129538,6.67971753987654,ok
