Scenario,SplitID,Model,TrainStart,TrainEnd,TestStart,TestEnd,LagMin,WindowMin,PhysicsMapping,NTrain,NTest,RMSE_MO,MAE_MO,Bias_MO,P95AbsError_MO,FractionWithin_MO_0p03,RMSE_Rho,MAE_Rho,Bias_Rho,P95AbsError_Rho,FractionWithin_Rho_0p01
external_transfer_full,X01,physics_guided_frozen,01-Mar-2026,06-Jun-2026,07-Jul-2026,29-Sep-2026,0,60,quadratic,760,249,0.127702905716801,0.102289156626506,-0.0930522088353414,0.2405,0.112449799196787,0.0334750237356059,0.02888032588771,0.0286432324684348,0.0628259863356412,0.0763052208835341
external_transfer_full,X01,ridge_frozen,01-Mar-2026,06-Jun-2026,07-Jul-2026,29-Sep-2026,0,60,quadratic,760,249,0.032070454568417,0.0173895582329317,-0.00493975903614458,0.04,0.775100401606426,0.0147019039369544,0.0116484037119683,0.0104421959942865,0.0279500485429057,0.48995983935743
external_transfer_full,X01,physics_only,01-Mar-2026,06-Jun-2026,07-Jul-2026,29-Sep-2026,0,60,quadratic,0,249,0.0962030149232408,0.0684738955823293,0.0088755020080321,0.18,0.281124497991968,0.0650527229282792,0.0637007704316,-0.0635102514413724,0.0834642389708158,0
external_transfer_full,X01,gradient_boosting_frozen,01-Mar-2026,06-Jun-2026,07-Jul-2026,29-Sep-2026,0,60,quadratic,760,249,0.032837680384157,0.0196385542168675,-0.00975903614457832,0.05,0.710843373493976,0.0137217416064628,0.0101826003014621,0.00598201509331082,0.0255205595684366,0.602409638554217
post_repair_comparison,P01,physics_guided_frozen,07-Jul-2026,21-Jul-2026,21-Jul-2026,28-Jul-2026,0,60,quadratic,760,30,0.208766216934957,0.204333333333333,-0.204333333333333,0.27,0,0.052017133421101,0.0493854227815296,0.0493854227815296,0.0700531200775256,0
post_repair_comparison,P01,physics_guided_adapted,07-Jul-2026,21-Jul-2026,21-Jul-2026,28-Jul-2026,140,10,pchip_spline,68,30,0.146013697987552,0.138,-0.138,0.2,0,0.0248652042173009,0.0211760646125051,0.019387254545698,0.0380538004438395,0.333333333333333
post_repair_comparison,P01,ridge_frozen,07-Jul-2026,21-Jul-2026,21-Jul-2026,28-Jul-2026,0,60,quadratic,760,30,0.0221359436211787,0.015,-0.013,0.05,0.733333333333333,0.0202376460455611,0.0172727519189119,0.0171598104572888,0.0341426353906893,0.233333333333333
post_repair_comparison,P01,ridge_adapted,07-Jul-2026,21-Jul-2026,21-Jul-2026,28-Jul-2026,140,10,pchip_spline,68,30,0.0276887462097269,0.0213333333333334,-0.0206666666666667,0.05,0.666666666666667,0.0175365322387979,0.0145250742286014,0.0139944339143153,0.0291058242474276,0.4
post_repair_comparison,P01,physics_only,07-Jul-2026,21-Jul-2026,21-Jul-2026,28-Jul-2026,140,10,pchip_spline,0,30,0.116761865920913,0.105333333333333,-0.105333333333333,0.17,0,0.0501831721689719,0.0483846796398628,-0.0483846796398628,0.072430670730899,0
post_repair_comparison,P01,gradient_boosting_frozen,07-Jul-2026,21-Jul-2026,21-Jul-2026,28-Jul-2026,0,60,quadratic,760,30,0.0245628445692541,0.0183333333333334,-0.0176666666666667,0.05,0.7,0.0220776685207257,0.0181153158345528,0.0178157070370793,0.0394155239395482,0.4
post_repair_comparison,P01,gradient_boosting_adapted,07-Jul-2026,21-Jul-2026,21-Jul-2026,28-Jul-2026,140,10,pchip_spline,68,30,0.0228035085019828,0.0173333333333333,-0.0133333333333333,0.05,0.8,0.0115670124360637,0.00956692993819323,0.00310683035189823,0.0205555998922715,0.633333333333333
post_repair_comparison,P02,physics_guided_frozen,14-Jul-2026,28-Jul-2026,28-Jul-2026,04-Aug-2026,0,60,quadratic,760,26,0.0838726140323252,0.0803846153846154,-0.0803846153846154,0.12,0,0.0283977908377685,0.027877728091284,0.027877728091284,0.036895934276257,0
post_repair_comparison,P02,physics_guided_adapted,14-Jul-2026,28-Jul-2026,28-Jul-2026,04-Aug-2026,140,10,pchip_spline,67,26,0.15887827948561,0.156538461538461,0.156538461538461,0.21,0,0.031877133515608,0.0308586427650823,-0.0308586427650823,0.0412711339453452,0
post_repair_comparison,P02,ridge_frozen,14-Jul-2026,28-Jul-2026,28-Jul-2026,04-Aug-2026,0,60,quadratic,760,26,0.0182924953086063,0.015,-0.00346153846153846,0.03,0.807692307692308,0.00768168951681138,0.00602147351404919,0.00576642053341394,0.0162931127843762,0.730769230769231
post_repair_comparison,P02,ridge_adapted,14-Jul-2026,28-Jul-2026,28-Jul-2026,04-Aug-2026,140,10,pchip_spline,67,26,0.0196116135138184,0.0161538461538462,0.00153846153846154,0.04,0.807692307692308,0.00779213030019309,0.00669997285349808,-0.00604774332047811,0.0132167377976286,0.807692307692308
post_repair_comparison,P02,physics_only,14-Jul-2026,28-Jul-2026,28-Jul-2026,04-Aug-2026,140,10,pchip_spline,0,26,0.0395649417462558,0.0319230769230769,0.0288461538461538,0.076,0.423076923076923,0.0666952728519147,0.0664996882887273,-0.0664996882887273,0.0730872764819052,0
post_repair_comparison,P02,gradient_boosting_frozen,14-Jul-2026,28-Jul-2026,28-Jul-2026,04-Aug-2026,0,60,quadratic,760,26,0.023858557568109,0.02,-0.0146153846153846,0.042,0.615384615384615,0.0079942175446637,0.00629446207444374,0.00267532295155553,0.0166104783718459,0.730769230769231
post_repair_comparison,P02,gradient_boosting_adapted,14-Jul-2026,28-Jul-2026,28-Jul-2026,04-Aug-2026,140,10,pchip_spline,67,26,0.0354639578684093,0.0303846153846154,0.0242307692307693,0.0600000000000001,0.346153846153846,0.0171675230047256,0.0159280477467424,-0.0159280477467424,0.0266055099389737,0.153846153846154
post_repair_comparison,P03,physics_guided_frozen,21-Jul-2026,04-Aug-2026,04-Aug-2026,11-Aug-2026,0,60,quadratic,760,21,0.0846842876301654,0.0761904761904763,-0.0761904761904763,0.13,0.0952380952380952,0.0227284517338998,0.0211312897595348,0.0211312897595348,0.0361415362977379,0.0952380952380952
post_repair_comparison,P03,physics_guided_adapted,21-Jul-2026,04-Aug-2026,04-Aug-2026,11-Aug-2026,140,10,pchip_spline,60,21,0.10884676865952,0.0895238095238095,0.0828571428571428,0.1845,0.142857142857143,0.0165193694361568,0.0145668238797837,-0.0142773414525303,0.0296220794590141,0.285714285714286
post_repair_comparison,P03,ridge_frozen,21-Jul-2026,04-Aug-2026,04-Aug-2026,11-Aug-2026,0,60,quadratic,760,21,0.0179947082168488,0.0123809523809524,0,0.039,0.857142857142857,0.00928221018127225,0.0076319605847413,0.00649451804041632,0.0192320626164471,0.714285714285714
post_repair_comparison,P03,ridge_adapted,21-Jul-2026,04-Aug-2026,04-Aug-2026,11-Aug-2026,140,10,pchip_spline,60,21,0.0251661147842359,0.0204761904761905,0.0128571428571429,0.0535,0.761904761904762,0.00841096044919929,0.0069080221306611,-0.000788345523259835,0.0151568160498749,0.714285714285714
post_repair_comparison,P03,physics_only,21-Jul-2026,04-Aug-2026,04-Aug-2026,11-Aug-2026,140,10,pchip_spline,0,21,0.0586352729855949,0.0485714285714286,0.0419047619047619,0.1045,0.238095238095238,0.0696684660819455,0.0693064178369634,-0.0693064178369634,0.0820544057541178,0
post_repair_comparison,P03,gradient_boosting_frozen,21-Jul-2026,04-Aug-2026,04-Aug-2026,11-Aug-2026,0,60,quadratic,760,21,0.0228868854108532,0.0171428571428572,-0.00476190476190477,0.05,0.761904761904762,0.008998830557379,0.00705942617579452,-0.000131278755390662,0.0190647471958802,0.761904761904762
post_repair_comparison,P03,gradient_boosting_adapted,21-Jul-2026,04-Aug-2026,04-Aug-2026,11-Aug-2026,140,10,pchip_spline,60,21,0.0217124059336724,0.0166666666666667,-0.00238095238095238,0.0445,0.714285714285714,0.0121646824537018,0.0095899275366919,-0.00794562448216642,0.0255242139814662,0.666666666666667
post_repair_comparison,P04,physics_guided_frozen,28-Jul-2026,11-Aug-2026,11-Aug-2026,18-Aug-2026,0,60,quadratic,760,18,0.10074720839805,0.0972222222222223,-0.0972222222222223,0.154,0,0.0280461167643589,0.0276028029093947,0.0276028029093947,0.0349248168441897,0
post_repair_comparison,P04,physics_guided_adapted,28-Jul-2026,11-Aug-2026,11-Aug-2026,18-Aug-2026,140,10,pchip_spline,56,18,0.0448454134902457,0.0355555555555556,-0.0344444444444445,0.088,0.388888888888889,0.0090849055963776,0.0078524455326987,0.00756063839134168,0.0147497741372507,0.555555555555556
post_repair_comparison,P04,ridge_frozen,28-Jul-2026,11-Aug-2026,11-Aug-2026,18-Aug-2026,0,60,quadratic,760,18,0.017950549357115,0.0133333333333333,-0.00555555555555556,0.04,0.888888888888889,0.0100877358654588,0.00915101049486993,0.00915101049486993,0.0172410802242784,0.555555555555556
post_repair_comparison,P04,ridge_adapted,28-Jul-2026,11-Aug-2026,11-Aug-2026,18-Aug-2026,140,10,pchip_spline,56,18,0.0182574185835056,0.0133333333333333,-0.00333333333333334,0.036,0.777777777777778,0.00531314031480864,0.00416989140046558,0.00323760874836891,0.011498685034902,0.888888888888889
post_repair_comparison,P04,physics_only,28-Jul-2026,11-Aug-2026,11-Aug-2026,18-Aug-2026,140,10,pchip_spline,0,18,0.0301846171271247,0.0244444444444445,0.0133333333333333,0.05,0.555555555555556,0.0643320516724813,0.0641837159944593,-0.0641837159944593,0.071019950983659,0
post_repair_comparison,P04,gradient_boosting_frozen,28-Jul-2026,11-Aug-2026,11-Aug-2026,18-Aug-2026,0,60,quadratic,760,18,0.0206827894099848,0.015,-0.00944444444444445,0.046,0.777777777777778,0.00498363440638477,0.00378418691979759,0.0021989230339591,0.0106973939469495,0.888888888888889
post_repair_comparison,P04,gradient_boosting_adapted,28-Jul-2026,11-Aug-2026,11-Aug-2026,18-Aug-2026,140,10,pchip_spline,56,18,0.0184089350286455,0.015,-0.0105555555555556,0.036,0.833333333333333,0.00534375799014329,0.00460954168163985,-0.00279964430287951,0.0104876207455216,0.944444444444444
