Scenario,Model,NSplits,NTrainMin,NTrainMax,NTest,RMSE_MO,MAE_MO,Bias_MO,P95AbsError_MO,FractionWithin_MO_0p03,RMSE_Rho,MAE_Rho,Bias_Rho,P95AbsError_Rho,FractionWithin_Rho_0p01
external_transfer_full,physics_guided_frozen,1,760,760,249,0.127702905716801,0.102289156626506,-0.0930522088353414,0.2405,0.112449799196787,0.0334750237356059,0.02888032588771,0.0286432324684348,0.0628259863356412,0.0763052208835341
external_transfer_full,ridge_frozen,1,760,760,249,0.032070454568417,0.0173895582329317,-0.00493975903614458,0.04,0.775100401606426,0.0147019039369544,0.0116484037119683,0.0104421959942865,0.0279500485429057,0.48995983935743
external_transfer_full,physics_only,1,0,0,249,0.0962030149232408,0.0684738955823293,0.0088755020080321,0.18,0.281124497991968,0.0650527229282792,0.0637007704316,-0.0635102514413724,0.0834642389708158,0
external_transfer_full,gradient_boosting_frozen,1,760,760,249,0.032837680384157,0.0196385542168675,-0.00975903614457832,0.05,0.710843373493976,0.0137217416064628,0.0101826003014621,0.00598201509331082,0.0255205595684366,0.602409638554217
post_repair_comparison,physics_guided_frozen,4,760,760,95,0.138552669065822,0.121789473684211,-0.121789473684211,0.25,0.0210526315789474,0.0365840804577578,0.0331262226435643,0.0331262226435643,0.0670546472346494,0.0210526315789474
post_repair_comparison,ridge_frozen,4,760,760,95,0.0194665705356915,0.0141052631578947,-0.00610526315789474,0.04,0.810526315789474,0.0135577354631729,0.0105234761065248,0.0101665717404614,0.0304218358944065,0.536842105263158
post_repair_comparison,physics_only,4,0,0,95,0.0752749346693419,0.0573684210526316,-0.0135789473684211,0.1575,0.273684210526316,0.0622074541312978,0.060960778391361,-0.060960778391361,0.0736520803385171,0
post_repair_comparison,gradient_boosting_frozen,4,760,760,95,0.0233057481050672,0.0178947368421053,-0.012421052631579,0.05,0.705263157894737,0.0139291121796699,0.00972082950758066,0.00674582493264089,0.0345914725685407,0.663157894736842
post_repair_comparison,physics_guided_adapted,4,56,68,95,0.129000203998207,0.112947368421053,0.0110526315789473,0.1975,0.105263157894737,0.0234374001984584,0.0198405681192771,-0.00404673426294932,0.0390668174744244,0.273684210526316
post_repair_comparison,ridge_adapted,4,56,68,95,0.023463297206264,0.0182105263157895,-0.00389473684210527,0.04,0.747368421052632,0.0116068528751414,0.00873766348422375,0.00320329886925487,0.0275255810089278,0.673684210526316
post_repair_comparison,gradient_boosting_adapted,4,56,68,95,0.0260161892917306,0.0203157894736842,-0.000105263157894737,0.0575000000000001,0.663157894736842,0.0126899323018232,0.0103736565063279,-0.00566501097300719,0.0245217862593481,0.568421052631579
